dia,pilar,canal_principal,formato,hook,idea,cta
1,Lead leakage,TikTok/Reels,Quote graphic,"La mayoria de las inmobiliarias no tiene un problema de marketing","Tiene un problema de velocidad operacional","Comenta MAPA"
2,Lead leakage,X,Quote graphic,"El lead no se pierde cuando dice que no","Se pierde cuando nadie responde, nadie califica y nadie hace seguimiento","Responde FUGA"
3,Infraestructura comercial,Instagram,Quote graphic,"No necesitas mas IA si tu operacion sigue perdiendo leads","Necesitas infraestructura comercial que no dependa de memoria y buena voluntad","DM MAPA"
4,Lead leakage,TikTok/Reels,Pseudo-video simple,"Asi se pierde un lead inmobiliario en 47 minutos","Lead entra, nadie responde, competidor aparece, seguimiento no existe","Comenta FUGA"
5,Tiempo de enfriamiento,X,Quote graphic,"Cada minuto sin respuesta enfria el lead","La velocidad operacional compite contra todos los otros brokers","Responde VELOCIDAD"
6,Caos comercial,Instagram,Fake UI carousel,"Tu CRM no esta roto: tu infraestructura comercial tiene fuga","Nadie lo alimenta cuando el lead todavia esta caliente","Guarda este post"
7,Infraestructura comercial,TikTok/Reels,Quote graphic,"Un chatbot responde, pero no evita la fuga operacional","Un sistema pre-vendedor califica, agenda, registra y activa seguimiento","Comenta SISTEMA"
8,Lead leakage,X,Quote graphic,"Culpar a Meta Ads es facil","Medir la fuga entre lead recibido y primer seguimiento es mas incomodo","Responde FUGA"
9,Proof based,Instagram,Pseudo-video simple,"Mismo lead, dos operaciones distintas: una pierde por fuga operacional","Manual: espera y se enfria. Sistema pre-vendedor responde, califica y agenda","DM MAPA"
10,Framework,TikTok/Reels,Carrusel,"7 puntos donde se rompe la infraestructura comercial inmobiliaria","Entrada, respuesta, calificacion, agenda, CRM, handoff y seguimiento","Comenta CHECKLIST"
11,Lead leakage,X,Quote graphic,"Mas leads no arreglan un proceso lento","Solo hacen mas visible la fuga operacional","Responde LEADS"
12,Infraestructura comercial,Instagram,Quote graphic,"LeadOps AI no vende IA ni hype","Vende infraestructura comercial, velocidad y menos oportunidades perdidas","DM AUDITORIA"
13,Tiempo de enfriamiento,TikTok/Reels,Pseudo-video simple,"El lead que llega a las 22:14 no espera hasta manana","Si nadie responde, aumenta el tiempo de enfriamiento y el sistema comercial ya fallo","Comenta NOCHE"
14,Caos comercial,X,Quote graphic,"La memoria del vendedor no es infraestructura comercial","Si el seguimiento depende de acordarse, ya hay fuga operacional","Responde SEGUIMIENTO"
15,Fake UI,Instagram,Fake UI carousel,"Asi deberia llegar un lead al broker para evitar fuga operacional","Resumen del sistema pre-vendedor: presupuesto, zona, plazo, propiedad, objecion y siguiente accion","DM RESUMEN"
16,Lead leakage,TikTok/Reels,Quote graphic,"La fuga de leads casi nunca se ve en el dashboard","Se ve en WhatsApps sin responder y visitas que nunca se agendaron","Comenta FUGA"
17,Framework,X,Carrusel,"El sistema pre-vendedor existe porque el seguimiento manual se rompe","Responder, calificar, agendar, registrar y hacer seguimiento","Responde SISTEMA"
18,Infraestructura comercial,Instagram,Quote graphic,"La IA es el mecanismo","La categoria real es infraestructura comercial para no perder leads","Guarda este post"
19,Proof based,TikTok/Reels,Pseudo-video simple,"Antes: lead sin contexto. Despues: menos fuga operacional","El vendedor no recibe hola quiero info, recibe oportunidad con contexto del sistema pre-vendedor","Comenta ANTES"
20,Lead leakage,X,Quote graphic,"Si no sabes cuantos leads se enfrian, no sabes cuanto te cuesta el caos","La fuga operacional tambien es CAC desperdiciado","Responde CAC"
21,Caos comercial,Instagram,Fake UI carousel,"Sin pipeline operativo, el caos comercial se vuelve invisible","Nuevo lead, calificado, visita agendada, seguimiento, perdido con motivo","DM PIPELINE"
22,Tiempo de enfriamiento,TikTok/Reels,Quote graphic,"El primer seguimiento no deberia depender de suerte ni memoria","Deberia salir aunque el vendedor este ocupado para reducir tiempo de enfriamiento","Comenta SEGUIMIENTO"
23,Lead leakage,X,Quote graphic,"El problema no es generar demanda si tu infraestructura comercial tiene fuga","Es convertir demanda en conversaciones calificadas antes de que se enfrie","Responde MAPA"
24,Framework,Instagram,Carrusel,"Checklist de infraestructura comercial para encontrar fuga operacional","Canales, tiempos, criterios, agenda, CRM, handoff y secuencia","Guarda este checklist"
25,Fake UI,TikTok/Reels,Fake UI content,"Simulacion: lead pregunta precio y la venta se puede romper ahi","El sistema pre-vendedor no solo responde precio, primero entiende presupuesto, zona y plazo","Comenta PRECIO"
26,Infraestructura comercial,X,Quote graphic,"Las inmobiliarias no compran automatizacion","Compran control, velocidad, seguimiento y menos caos comercial","Responde CONTROL"
27,Lead leakage,Instagram,Quote graphic,"Lead leakage es cuando pagas por oportunidades que tu operacion deja enfriar","No es marketing. Es infraestructura comercial","DM FUGA"
28,Proof based,TikTok/Reels,Pseudo-video simple,"El mismo lead con y sin sistema pre-vendedor muestra la fuga","Sin sistema: ruido. Con sistema: contexto y proxima accion","Comenta SISTEMA"
29,Framework,X,Carrusel,"Como ordenar el primer tramo comercial cuando la fuga ya existe","Mapa, reglas, respuestas, agenda, CRM, seguimiento y medicion en 30 dias","Responde 30DIAS"
30,Oferta,Instagram,Quote graphic,"Si tu primer tramo comercial pierde leads, lo ordenamos en 30 dias","Respuesta, calificacion, agenda, registro y seguimiento sin hype de IA","DM AUDITORIA"
